[{
  "_id": {
    "$oid": "66899341d15463b1380ae345"
  },
  "korisnickoIme": "Nikolapar",
  "restoran": "Burrito Madre",
  "status": 1,
  "ocekivanoVreme": "30-40min",
  "porudzbina": "2xPileći burrito, 2xQuesadilla tortilja, 1xLimunada, cena: 2470"
},
{
  "_id": {
    "$oid": "6689a1197df180a8f4586347"
  },
  "korisnickoIme": "Nikolapar",
  "restoran": "Burrito Madre",
  "status": 2,
  "ocekivanoVreme": "",
  "porudzbina": "2xPileći burrito, 6xQuesadilla tortilja, 1xLimunada, cena: 4470",
  "__v": 0
},
{
  "_id": {
    "$oid": "6689ab077df180a8f4586367"
  },
  "korisnickoIme": "Nikolapar",
  "restoran": "Dva štapića",
  "status": 0,
  "ocekivanoVreme": "",
  "porudzbina": "2xTuna maki, 1xSlatko-ljuta piletina u kari sosu, 0xGovedina sa kikirikijem u soja sosu, cena: 2720",
  "__v": 0
}]